brand,entity,category,fiscal_year,revenue_inr_cr,pat_inr_cr,pat_margin_pct,ebitda_inr_cr,notes,source_url
Atomberg,Atomberg Technologies Pvt Ltd,appliances (BLDC fans),FY25,958.4,-117.4,-12.2,,Total income ~1000.9 cr; loss down 41% from 199 cr,https://entrackr.com/fintrackr/atomberg-slashes-losses-by-41-in-fy25-after-sharp-cut-in-employee-costs-10942837
Drools,Drools Pet Food Pvt Ltd,pet food,FY25,918.0,-50.0,-5.4,73.9,Total rev 932Cr; EBITDA Inc42 est; flag non-D2C,https://startuppedia.in/trending/startup-news/nestle-backed-indias-pet-food-unicorn-drools-reports-rs-932-cr-revenue-in-fy25-loss-at-rs-50-cr-11702429
Licious,Delightful Gourmet Pvt Ltd,Meat/seafood D2C,FY25,795.0,-218.3,-27.5,-163,FY24 loss 298.6 cr; EBITDA loss cut 45% from 296 cr. No FY26 filing found.,https://entrackr.com/fintrackr/licious-reports-rs-795-cr-revenue-in-fy25-cuts-ebitda-losses-by-45-10575891|https://inc42.com/buzz/licious-trims-fy25-loss-by-27-to-inr-218-3-cr/
Bira 91,B9 Beverages Ltd,Beer (alco-bev),FY24,638.0,-748.0,-117.2,,"FY25 not filed as of reports; accumulated losses 1,904 cr.",https://www.businesstoday.in/latest/corporate/story/rs-619-cr-wiped-rs-1904-cr-loss-bira-91-in-crisis-now-report-cites-audit-red-flags-498035-2025-10-14|https://inc42.com/features/inside-the-bitter-collapse-of-bira-91/
MyGlamm / Good Glamm,Good Glamm Group (Sirona Hygiene / MyGlamm entities),Beauty/personal care conglomerate,FY23,603.0,-917.0,-152.1,,Latest audited figures found are FY23. Group in distress/break-up and asset sales in 2025.,https://inc42.com/buzz/the-good-glamm-group-fy23-reports-inr-917-cr-loss-sales-jump-to-inr-603-cr/
GIVA,GIVA Jewellery (G.I.V.A.) Pvt Ltd,jewellery (silver/lab-grown),FY25,518.0,-72.0,-13.9,,Spent Rs1.15 per rupee earned,https://entrackr.com/fintrackr/givas-revenue-jumps-89-to-rs-518-cr-in-fy25-11103039 ; https://inc42.com/buzz/giva-loss-widens-23-to-%E2%82%B972-cr-in-fy25-revenue-jumps-90/
The Sleep Company,Komfort Universe Products & Services Pvt Ltd,mattresses/sleep,FY25,499.0,-48.2,-9.7,-39,PAT from Inc42 (total income 505.7 cr); EBITDA loss per Entrackr,https://entrackr.com/fintrackr/the-sleep-companys-revenue-spikes-60-to-rs-499-cr-in-fy25-10516467 ; https://inc42.com/company/the-sleep-company/financials/
Purple Style Labs (Pernia's Pop-Up),Purple Style Labs Pvt Ltd,Designer ethnic/luxury fashion,FY25,490.0,-188.6,-38.5,,Multi-brand designer platform + stores.,https://inc42.com/features/fy25-financial-tracker-tracking-the-financial-performance-of-indian-startups/
Renee Cosmetics,Renee Cosmetics Pvt Ltd,Colour cosmetics/skincare,FY26,440.0,-36.4,-8.3,-36,"Loss figure is net loss BEFORE tax. Gross margin 75%. FY25: revenue Rs 321 Cr, loss Rs 66 Cr.",https://entrackr.com/exclusive/exclusive-renee-cosmetics-clocks-rs-440-cr-revenue-in-fy26-cuts-losses-by-45-11885989
FreshToHome,FreshToHome (entity not verified),Meat/seafood D2C,FY25,430.0,-146.3,-34.0,-145.5,EBITDA Inc42 estimate.,https://inc42.com/company/freshtohome/financials/
Pilgrim,Heavenly Secrets Pvt Ltd,Skincare/haircare/makeup,FY25,408.3,-68.7,-16.8,-61.1,Operating revenue doubled from Rs 198.7 Cr; total income Rs 417.7 Cr; marketing Rs 234.5 Cr. EBITDA is Inc42 estimate.,https://inc42.com/buzz/pilgrim-crosses-inr-400-cr-revenue-mark-in-fy25/
Sugar Cosmetics,Vellvette Lifestyle Pvt Ltd,Colour cosmetics,FY25,404.0,-134.0,-33.2,-108,"Revenue fell ~20% from Rs 505 Cr (FY24). Rs 415 Cr figure in some reports likely total income. FY24 loss reported as Rs 68-76 Cr by different sources. Raised Rs 144 Cr at ~Rs 755 Cr valuation (down from Rs 3,000 Cr). Entity name from general knowledge - verify.",https://www.storyboard18.com/brand-marketing/sugar-cosmetics-profitability-slips-as-fy25-revenue-declines-to-rs-415-crore-82535.htm
Farmley,Farmley (entity not verified),Dry fruits/makhana snacks,FY25,394.0,-22.5,-5.7,,EBITDA margin -3.68%; ad spend 52 cr.,https://entrackr.com/fintrackr/farmley-nears-rs-400-cr-revenue-in-fy25-losses-under-control-10947441
Akshayakalpa,Akshayakalpa Farms and Foods Pvt Ltd,Organic dairy,FY25,387.0,-27.3,-7.1,,38% YoY growth; targets 556 cr FY26.,https://entrackr.com/exclusive/exclusive-akshayakalpa-organic-to-raise-rs-175-cr-in-primary-capital-led-by-temaseks-abc-impact-11222969|https://inc42.com/features/from-shutdown-scare-to-inr-500-cr-scale-how-akshayakalpa-rekindled-its-dairy-dream/
Kapiva,Adret Retail Pvt Ltd,ayurveda wellness/nutrition,FY25,342.0,-69.0,-20.2,,EBITDA margin -20.88% per Entrackr,https://entrackr.com/fintrackr/kapiva-spends-rs-188-cr-on-advertising-in-fy25-posts-rs-342-cr-revenue-10965403
Blue Tokai,Blue Tokai Coffee Roasters (entity not verified),Coffee (cafes + retail beans),FY25,325.0,-50.0,-15.4,,"EBITDA margin -3.69%. Cafe-heavy, not pure D2C.",https://entrackr.com/fintrackr/blue-tokai-posts-rs-325-cr-revenue-in-fy25-cuts-losses-by-21-10918097
Chaayos,Sunshine Teahouse Pvt Ltd,Tea cafes,FY25,310.6,-25.4,-8.2,,EBITDA positive (jumped 6.5x; absolute not captured). Cafe-led.,https://entrackr.com/fintrackr/chaayos-crosses-rs-300-cr-revenue-in-fy25-ebitda-jumps-65x-11088950
Wooden Street,Woodenstreet Furnitures Pvt Ltd,furniture,FY25,294.8,-74.3,-25.2,-56.2 (est),,https://inc42.com/company/wooden-street/financials/
Third Wave Coffee,Third Wave Coffee (entity not verified),Coffee (cafes),FY25,285.0,-94.0,-33.0,,"FY24 rev ~240 cr. Cafe-led, not D2C product brand.",https://entrackr.com/news/third-wave-coffee-raises-rs-408-cr-led-by-westbridge-12425559
Wrogn,Universal Sportsbiz Pvt Ltd,Apparel (menswear),FY26,244.0,-88.4,-36.2,-67.3,"EBITDA derived from -27.6% margin; adjusted EBITDA loss -38. FY25: rev 223, loss 75.5.",https://entrackr.com/fintrackr/virat-kohli-backed-wrogn-posts-rs-244-cr-revenue-in-fy26-losses-widen-17-12559342
Clovia,Purple Panda Fashions Ltd (Reliance Retail),Innerwear (women),FY25,238.6,-58.5,-24.5,,"Inc42 Datalabs figures; company PR claims PAT profitability/Rs 550 Cr run-rate - unverified, conflicting.",https://inc42.com/company/clovia/financials/
mCaffeine (+Hyphen),Pep Technologies Pvt Ltd (consolidated),Caffeine-based personal care; Hyphen skincare,FY25,237.5,-18.0,-7.6,,Consolidated loss down 81% from Rs 93 Cr. EBITDA margin -7.54% (~-Rs 18 Cr implied). mCaffeine brand roughly flat at ~Rs 187 Cr; Hyphen ~Rs 50 Cr.,https://entrackr.com/fintrackr/pep-technologies-cuts-losses-81-in-fy25-hyphen-drives-growth-mcaffeine-stalls-11250613
Mokobara,Mokobara Lifestyle Pvt Ltd,Luggage/bags,FY25,230.0,-10.2,-4.4,-15.0,EBITDA derived from -6.52% margin. Total income 240.4. FY24 loss ~4.,https://entrackr.com/fintrackr/mokobara-revenue-doubles-to-rs-230-cr-in-fy25-11066667
The Whole Truth,The Whole Truth Foods (entity not verified),Protein bars/snacks/nut butters,FY25,216.0,-28.0,-13.0,,EBITDA margin -13.43%; cash 141 cr; FY24 rev 65 cr.,https://entrackr.com/fintrackr/the-whole-truth-records-33x-revenue-growth-to-rs-216-cr-in-fy25-11032738
Hocco,Hocco (entity not verified),Ice cream,FY25,209.0,-63.1,-30.2,-53.8,Company stated FY25 rev ~220 cr. EBITDA Inc42 estimate.,https://inc42.com/company/hocco/financials/
Yoga Bar,Sproutlife Foods Pvt Ltd,Health snacks/breakfast,FY25,201.66,-76.0,-37.7,,ITC took control from Apr 1 2026. Marketing 49 cr.,https://www.indianretailer.com/news/yoga-bar-reports-strong-fy25-growth-revenue-climbs-rs-20166-cr
Foxtale,Foxtale Consumer Pvt Ltd,Skincare,FY25,199.0,-73.0,-36.7,-70.6,Revenue 2.4X from Rs 83 Cr. Ad spend Rs 106 Cr. EBITDA per Inc42 estimate. Entity name unverified.,https://entrackr.com/fintrackr/foxtales-revenue-nears-rs-200-cr-in-fy25-losses-jump-38-10945518
XYXX,XYXX (entity not confirmed),Innerwear (men),FY25,187.0,-25.5,-13.6,-21.1,EBITDA Inc42 estimate. FY24 loss 35.5.,https://entrackr.com/fintrackr/d2c-innerwear-brands-xyxx-damensch-scale-up-in-fy25-profitability-remains-elusive-11433803
Newme,Newme (entity not confirmed),Apparel (women fast fashion),FY25,183.5,-96.7,-52.7,,FY24 rev 49.7.,https://inc42.com/company/newme/financials/
Bewakoof,Bewakoof Brands Pvt Ltd (ABFRL/TMRW),Apparel (casualwear),FY25,173.0,-73.2,-42.3,-57,FY24 loss 103. Spent Rs 1.43 per rupee of revenue.,https://entrackr.com/fintrackr/bewakoofs-growth-struggles-continue-in-fy25-but-losses-narrow-10610421 ; https://inc42.com/buzz/bewakoof-narrows-fy25-loss-by-29-to-inr-73-2-cr/
Sid's Farm,Sids Farm Pvt Ltd,Dairy subscription D2C,FY25,168.0,-27.0,-16.1,,EBITDA margin -14.58%. Loss up 2.6x from 10.5 cr.,https://entrackr.com/fintrackr/sids-farm-posts-rs-168-cr-revenue-in-fy25-losses-surge-26x-10983599
Zivame,Actoserba Active Wholesale Pvt Ltd (Reliance Retail),Innerwear (women),FY25,165.7,-15.7,-9.5,,Inc42 Datalabs; FY24 reported elsewhere as rev 193 / loss 39 (inconsistent base).,https://inc42.com/company/zivame/financials/
True Elements,HW Wellness Solutions Pvt Ltd,Breakfast/health foods,FY25,164.4,-23.0,-14.0,,Now 100% Marico-owned.,https://inc42.com/company/true-elements/financials/|https://www.storyboard18.com/brand-marketing/marico-acquires-100-stake-in-true-elements-for-rs-138-crore-80796.htm
Pepperfry,Pepperfry Ltd,furniture/home marketplace,FY25,163.0,-85.0,-52.1,"-30.5 (est, Inc42)","Inc42 shows total rev 186.2 cr, loss 84.5 cr; third straight year of decline",https://inc42.com/buzz/pepperfrys-fy24-revenue-declines-31-to-inr-189-cr/ ; https://inc42.com/company/pepperfry/financials/
The Man Company,Helios Lifestyle Pvt Ltd (Emami-owned),Men's grooming & fragrance,FY26,161.2,-32.5,-20.2,,"EBITDA margin -15.91% (~-Rs 26 Cr implied). FY25: revenue Rs 154 Cr, loss Rs 21.8 Cr. Entity name from general knowledge - verify.",https://entrackr.com/fintrackr/emami-owned-the-man-companys-losses-widen-49-in-fy26-amid-modest-revenue-growth-12129308
Wingreens,Wingreens Farms Pvt Ltd,Dips/sauces/snacks,FY24,149.7,-47.8,-31.9,-32.6,"Company-reported FY25 rev 289 cr, FY26 rev 362 cr (profit not disclosed). EBITDA is Inc42 estimate.",https://inc42.com/company/wingreens/financials/|https://indianstartupnews.com/news/wingreens-acquires-safe-harvest-raises-over-rs-120-crore-in-fresh-funding-11821782
WOW Skin Science,Fit & Glow Healthcare Pvt Ltd,Skin/hair/personal care,FY25,148.5,-117.8,-79.3,-89.4,Inc42 Datalabs figures (revenue may be total income; EBITDA is Inc42 estimate). Revenue down ~40% from Rs 246.8 Cr in FY24.,https://inc42.com/company/wow-skin-science/financials/
Zouk,Zouk (entity not confirmed),Bags/accessories,FY25,126.9,-19.6,-15.4,,FY24 rev 78.2.,https://inc42.com/company/zouk/financials/
Auric,Zenith Drinks Pvt Ltd,ayurvedic wellness beverages,FY25,126.1,-6.2,-4.9,-4.3,FY24 shown as 22.6Cr (+458%) - verify,https://inc42.com/company/auric/financials/
Wellbeing Nutrition,Nutritionalab Pvt Ltd,supplements,FY25,119.0,-38.0,-31.9,-35.3,Company claimed ~170Cr FY25 revenue (Entrackr); filed figure per Inc42 119Cr,https://inc42.com/company/wellbeing-nutrition/financials/
DaMENSCH,DaMENSCH (entity not confirmed),Innerwear/apparel (men),FY25,118.0,-57.0,-48.3,-48.6,EBITDA Inc42 estimate. FY24 loss 60.,https://entrackr.com/fintrackr/d2c-innerwear-brands-xyxx-damensch-scale-up-in-fy25-profitability-remains-elusive-11433803
Nestasia,Nestasia (entity per Inc42),home decor,FY25,115.0,-7.7,-6.7,-4.0 (est),Rev +83% YoY,https://inc42.com/company/nestasia/financials/
DailyObjects,DailyObjects (entity per Entrackr),lifestyle accessories/home,FY25,110.0,-16.0,-14.5,-10.9 (est),Targeting EBITDA+ in FY26,https://entrackr.com/fintrackr/d2c-lifestyle-brand-dailyobjects-posts-rs-110-cr-revenue-in-fy25-11146401
Nat Habit,Naturohabit Pvt Ltd,ayurveda personal care,FY25,109.3,-29.0,-26.5,-25.2,Adjacent (personal care),https://inc42.com/company/nat-habit/financials/
Supertails,Petfully Yours Pvt Ltd,pet care e-com + vet,FY25,108.3,-52.5,-48.5,-47.9,Product sales ~95% of op revenue,https://entrackr.com/fintrackr/petcare-startup-supertails-crosses-rs-100-cr-revenue-in-fy25-losses-surge-28-11167943
Neeman's,Neeman's (entity not confirmed),Footwear,FY25,108.0,-23.0,-21.3,,"FY24: rev 78.5, loss 29.2.",https://startuppedia.in/trending/startup-news/founded-by-two-brothers-in-2018-neemans-revenue-jumps-38-to-rs-108-crore-in-fy25-loss-narrows-21-to-rs-23-crore-11147244
Sanfe,Redroomtechnology Pvt Ltd,feminine hygiene,FY25,105.2,-10.4,-9.9,-8.9,,https://inc42.com/company/sanfe/financials/
Mother Sparsh,Mother Sparsh Baby Care Pvt Ltd,baby care,FY25,99.9,-13.2,-13.2,-12.0,,https://inc42.com/company/mother-sparsh/financials/
SleepyCat,SleepyCat (entity per Entrackr),mattresses,FY25,98.0,-9.0,-9.2,-9.6,,https://entrackr.com/fintrackr/sleepycat-reports-rs-98-cr-revenue-and-rs-9-cr-loss-in-fy25-11153884
Slurrp Farm,Wholsum Foods Pvt Ltd,Kids/millet foods,FY25,95.5,-32.7,-34.2,-31.3,Total income 97.5 cr; EBITDA Inc42 estimate. Loss widened 30%.,https://startuppedia.in/trending/startup-news/anushka-sharma-backed-wholsum-foods-parent-company-of-slurrp-farm-approaches-rs-100-crore-revenue-mark-in-fy25-loss-widens-30-11133954|https://inc42.com/company/slurrp-farm/financials/
BlissClub,BlissClub (entity not confirmed),Activewear (women),FY24,92.2,-43.9,-47.6,-40.2,FY25 not found. EBITDA Inc42 estimate.,https://inc42.com/company/blissclub/financials/
The Good Bug,The Good Bug (entity not verified),Gut-health foods/supplements,FY25,89.7,-43.0,-47.9,-42.2,Borderline category (supplements). EBITDA Inc42 estimate.,https://inc42.com/company/the-good-bug/financials/
Open Secret,Open Secret (entity not verified),Healthy snacks,FY25,87.3,-7.4,-8.5,,Loss down 72%.,https://inc42.com/company/open-secret/financials/
SuperBottoms,Navashya Consumer Products Pvt Ltd,baby cloth diapers,FY25,84.3,-14.2,-16.8,-13.1,,https://inc42.com/company/superbottoms/financials/
Uppercase,Uppercase (entity not confirmed),Luggage/bags,FY25,83.0,-35.0,-42.2,,,https://entrackr.com/fintrackr/uppercases-losses-double-in-fy25-revenue-grows-34-10643251
pTron,Palred Technologies Ltd (listed; pTron via Palred Electronics),audio/wearables accessories,FY26,82.0,-7.44,-9.1,-6.44 (operating loss),"Consolidated; FY25 rev 89.77 cr, loss 10.37 cr",https://www.screener.in/company/532521/ ; https://www.whalesbook.com/corporate-news/English/bankingfinance/Palred-Technologies-Posts-Standalone-Profit-of-indian-rupee274-Cr-Consolidated-Loss-Narrows/6a19bfc76ec823f1f2929db2
Bold Care,Oddity Healthcare Pvt Ltd,sexual wellness (men),FY25,79.9,-58.3,-73.0,,,https://inc42.com/buzz/bold-care-fy25-loss-widens-3x-to-%E2%82%B958-3-cr-revenue-jumps-2-4x/
Anveshan,Anveshan (entity not verified),Ghee/oils/staples D2C,FY25,77.08,-11.88,-15.4,,Raised Rs 121 cr Series B.,https://startuppedia.in/trending/startup-news/founded-by-iit-guwahati-alumni-d2c-food-tech-startup-anveshan-grows-65-to-rs-775-crore-in-fy25-loss-widens-to-rs-118-crore-11180447
Sirona,Sirona Hygiene Pvt Ltd,feminine hygiene,FY25,77.0,-22.6,-29.4,-20.1,Revenue down from 100Cr; Inc42 shows 79.5Cr,https://entrackr.com/fintrackr/amid-ownership-transition-sironas-revenue-drops-to-rs-77-cr-in-fy25-11180181
Ustraa,Happily Unmarried Marketing Pvt Ltd (VLCC-owned),Men's grooming,FY25,73.0,-14.0,-19.2,-13.4,Revenue down 22% from Rs 94 Cr; loss down 72% from Rs 50 Cr.,https://entrackr.com/fintrackr/vlcc-owned-ustraas-revenue-declines-to-rs-73-cr-in-fy25-losses-cut-by-72-10946111
Freakins,Since99 Apparel Pvt Ltd,Apparel (womenswear denim),FY25,72.5,-21.0,-29.0,-19.6,EBITDA is Inc42 Datalabs estimate. FY24 rev ~27.9.,https://inc42.com/company/freakins/financials/
The Moms Co,Amishi Consumer Technologies Pvt Ltd,mother & baby care,FY23,71.22,-64.38,-90.4,-62.4,Later years not found,https://inc42.com/buzz/the-moms-co-fy23-net-loss-jumps-60-to-inr-64-cr-revenue-grows-38/
Perfora,Perfora (entity not confirmed),Oral care,FY25,69.7,-10.4,-14.9,-9.7,Inc42 Datalabs (revenue may be total income; EBITDA estimate).,https://inc42.com/company/perfora/financials/
Gynoveda,Gynoveda Femtech Pvt Ltd,ayurveda women's health,FY25,68.1,-10.5,-15.4,-9.2,,https://inc42.com/company/gynoveda/financials/
Mylo,Blupin Technologies Pvt Ltd,mother & baby care,FY25,63.4,-19.0,-30.0,-18.5,,https://inc42.com/company/mylo/financials/
Chumbak,Chumbak Design Pvt Ltd (GOAT Brand Labs),home decor/lifestyle,FY25,61.7,-10.2,-16.5,-7.9 (est),Rev -3% YoY,https://inc42.com/company/chumbak/financials/
Fire-Boltt,Fireboltt Technologies Pvt Ltd,wearables,FY25,61.26,-31.72,-51.8,,Figures per search summary of newer entity (inc. 2022); older entity Boltt Sports Technologies Pvt Ltd not verified - brand-level revenue likely much larger; treat as partial,https://www.tofler.in/fireboltt-technologies-private-limited/company/U31904MH2022PTC379843
Urban Platter,Urban Platter (entity not verified),Gourmet pantry,FY24,54.1,-6.5,-12.0,-4.8,EBITDA Inc42 estimate.,https://inc42.com/company/urban-platter/financials/
Beyond Snack,Beyond Snack (entity not verified),Banana chips snacks,FY25,52.9,-20.9,-39.5,,Loss up 3.3x from 6.3 cr.,https://startuppedia.in/trending/startup-news/three-friends-from-symbiosis-build-beyond-snack-banana-chips-brand-posts-rs-53-crore-revenue-in-fy25-as-losses-widen-11227749
Sweet Karam Coffee,Sweet Karam Coffee (entity not verified),South Indian snacks/coffee D2C,FY25,46.4,-24.8,-53.4,-22.1,"Contrary to 'profitable small' assumption, Inc42 Datalabs shows loss. EBITDA estimate.",https://inc42.com/company/sweet-karam-coffee/financials/
Go Zero,Go Zero (entity not verified),Low-cal ice cream,FY25,42.7,-8.1,-19.0,-7.8,EBITDA Inc42 estimate.,https://inc42.com/company/go-zero/financials/
Yu Foods,Yu Foods (entity not verified),Ready-to-eat,FY25,35.1,-11.0,-31.3,,,https://inc42.com/features/fy25-financial-tracker-tracking-the-financial-performance-of-indian-startups/
Melorra,August Jewellery Pvt Ltd,"jewellery (gold, online)",FY25,35.0,-38.2,-109.1,-31.2 (est),Revenue down ~80% YoY (distress),https://inc42.com/company/melorra/financials/
Jimmy's Cocktails,Jimmy's Cocktails (entity not verified),Mixers/RTD beverages,FY25,34.2,-7.7,-22.5,,"FY24 rev 23.7 cr, loss 10 cr.",https://startuppedia.in/trending/startup-news/founded-by-ex-mahindra-and-ex-red-bull-executives-beverage-brand-jimmys-cocktail-hits-rs-342-crore-revenue-in-fy25-11247880
Salty,Salty E-Commerce Pvt Ltd,fashion jewellery/accessories,FY25,32.3,-1.1,-3.4,,Loss figure from secondary article,https://inc42.com/company/salty/financials/ ; https://openthemagazine.com/branding-marketing-and-advertising/the-brand-that-wants-to-be-indias-claires-but-saltier
Virgio,Virgio (entity not confirmed),Apparel (women fast fashion),FY25,31.9,-33.4,-104.7,-31.7,EBITDA Inc42 estimate. FY24 rev 14.3 loss 35.3.,https://inc42.com/company/virgio/financials/
Comet,Grails Marketing Pvt Ltd,Footwear (sneakers),FY25,31.7,-4.4,-13.9,,FY24 rev 7.9.,https://inc42.com/company/comet/financials/
Kindlife,Alphacma Pvt Ltd,baby/kids & clean beauty marketplace,FY25,28.9,-4.3,-14.9,,,https://inc42.com/company/kindlife/financials/
Setu Nutrition,Setu Nutrition Pvt Ltd,supplements,FY25,28.8,-17.9,-62.2,-15.7,,https://inc42.com/company/setu-nutrition/financials/
MasterChow,MasterChow (entity not verified),Asian sauces/meal kits,FY25,25.0,-19.1,-76.4,,,https://inc42.com/features/fy25-financial-tracker-tracking-the-financial-performance-of-indian-startups/
Wiggles,Sixth Sense Retail Pvt Ltd,pet care,FY24,21.6,-43.2,-200.0,-40.3,Inc42 feature: FY25 rev ~10Cr; cash crunch,https://inc42.com/company/wiggles/financials/
Snackible,Snackible (entity not verified),Healthy snacks,FY25,18.7,-1.8,-9.6,,,https://inc42.com/company/snackible/financials/
Rage Coffee,Rage Coffee (entity not verified),Coffee,FY25,15.0,-4.9,-32.7,,Revenue fell 40% from 25.1 cr. Inc42 Datalabs.,https://inc42.com/company/rage-coffee/financials/
Bummer,Bummer (entity not confirmed),Innerwear,FY25,10.7,-4.2,-39.3,-3.9,EBITDA Inc42 estimate.,https://inc42.com/company/bummer/financials/
Skippi,Skippi (entity not verified),Ice pops,FY25,8.2,-6.3,-76.8,,,https://inc42.com/features/fy25-financial-tracker-tracking-the-financial-performance-of-indian-startups/
That Sassy Thing,Huha Care Pvt Ltd,sexual wellness,FY25,6.8,-0.47,-6.9,,,https://inc42.com/company/that-sassy-thing/financials/
Timios,Timios (entity not verified),Kids snacks,FY25,4.9,-1.2,-24.5,-0.5,EBITDA Inc42 estimate.,https://inc42.com/company/timios/financials/
Svami,Svami (entity not verified; Stranger & Sons majority),Mixers,FY23,4.2,-8.2,-195.2,-7.8,Stale data (FY23).,https://inc42.com/company/svami/financials/
Naagin Sauce,Miksar Foods Pvt Ltd (per ZoomInfo),Hot sauces,FY25,4.1,-6.1,-148.8,-5.8,EBITDA Inc42 estimate.,https://inc42.com/company/naagin/financials/
Tea Trunk,Tea Trunk (entity not verified),Tea D2C,FY22,3.8,-0.415,-10.9,-0.305,Stale data (FY22).,https://inc42.com/company/tea-trunk/financials/
Power Gummies,Aesthetic Nutrition Pvt Ltd,gummy supplements,FY25,3.5,-7.4,-211.4,-6.0,Revenue fell 80% from 17.6Cr; possible business transfer - verify,https://inc42.com/company/power-gummies/financials/
Jus Amazin,Jus Amazin (entity not verified),Nut butters/snacks,FY23,1.7,-1.4,-82.4,-1.4,Stale data (FY23).,https://inc42.com/company/jus-amazin/financials/
