rank,tier,brand,parent_entity,category,key_products,channel_mix,fiscal_year,revenue_inr_cr,pat_bottomline_inr_cr,pat_margin_pct,ebitda_inr_cr,ebitda_margin_pct,profitability_status,data_confidence,est_aov_inr,est_purchase_freq_per_year,gross_up_factor,est_orders_per_year,est_orders_per_month,est_unique_customers_per_year,est_unique_customers_per_year_range,est_active_customers_per_month,disclosed_customer_metric,notes,source_urls
1,A - Verified profitable,Lenskart,Lenskart Solutions Ltd (listed),Eyewear,"Prescription glasses, sunglasses, contact lenses, eye tests (Lenskart, John Jacobs, Vincent Chase, Owndays intl.)","Omnichannel: app/web + ~2,700 own/franchise stores; ~40% revenue international",FY26,8814.0,500.90,5.7,1789.5,20.3,PAT positive (reported 500.9; adjusted ~530),High,3500,1.3,1.12,28205000,2350000,21696000,13018000-32544000,2350000,35.3 mn eyewear units sold; 23.8 mn eye tests (FY26),"Operating revenue 8,814 Cr (total income ~9,002 Cr). Disclosed: 35.3 mn eyewear units sold & 23.8 mn eye tests in FY26; order estimate (~28 mn) assumes ~1.25 units/order.",https://entrackr.com/fintrackr/lenskart-posts-rs-2516-cr-revenue-in-q4-fy26-profit-slips-7-11855334 ; https://www.whalesbook.com/corporate-news/English/consumer-products/Lenskarts-FY26-Revenue-Surges-353percent-to-indian-rupee9002-Cr-EBITDA-Jumps-967percent/6a637c750037f071726ef418 | https://inc42.com/features/fy26-financial-tracker-tracking-the-financial-performance-of-indian-startups/
2,A - Verified profitable,boAt,Imagine Marketing Ltd,Consumer electronics,"TWS earbuds, headphones, neckbands, speakers, smartwatches",Marketplace-led (Amazon/Flipkart) + own site + offline; IPO-bound,FY26,2931.0,84.50,2.9,,,PAT positive,Medium,1400,1.2,1.25,26170000,2181000,21808000,13085000-32712000,2181000,,"FY26 from secondary report; FY25 (DRHP): rev 3,098 Cr, PAT 60 Cr, EBITDA 142.5 Cr.",https://viestories.com/insight/startup-insight/boat-fy26-results-profit-jumps-38-to-845-crore-12435719 ; https://www.business-standard.com/companies/news/boat-revenue-fivefold-growth-fy25-profit-return-125111302039_1.html
3,A - Verified profitable,BlueStone,BlueStone Jewellery & Lifestyle Ltd (listed),Fine jewellery,"Diamond, gold & platinum jewellery; engagement rings",Omnichannel: web/app + ~300 stores,FY26,2436.4,13.20,0.5,,,PAT positive (first profitable year; FY25 loss 222 Cr),High,40000,1.15,1.03,627000,52000,546000,327000-818000,52000,,Some Inc42 pieces cite PAT ~26 Cr. Operating profit reported ~388 Cr (Ind-AS 116 heavy - not a clean EBITDA).,https://entrackr.com/fintrackr/bluestones-revenue-jumps-48-to-rs-681-cr-in-q4-fy26-11758619 | https://inc42.com/features/fy26-financial-tracker-tracking-the-financial-performance-of-indian-startups/ ; https://www.screener.in/company/BLUESTONE/consolidated/
4,A - Verified profitable,Mamaearth (Honasa Consumer),Honasa Consumer Ltd (listed),Beauty & personal care,"Skincare, haircare, baby care - Mamaearth, The Derma Co, Aqualogica, Dr. Sheth's, BBlunt, Staze","Omnichannel: own web/app, marketplaces, quick-commerce; ~1.2 lakh offline outlets billed",FY26,2392.0,200.20,8.4,,,PAT positive,High,450,2.5,1.3,69102000,5759000,27641000,16585000-41461000,5759000,Distributors billed ~1.2 lakh outlets in FY26,"Operating revenue 2,392 Cr (total income ~2,475 Cr). Profit up ~175% YoY. Includes Dr. Sheth's, The Derma Co, Aqualogica.",https://www.indianretailer.com/news/honasa-consumer-profit-more-doubles-rs-200-cr-fy26
5,A - Verified profitable,Wakefit,Wakefit Innovations Ltd (listed),Mattresses & furniture,"Mattresses, pillows, beds, sofas, furniture, furnishings","Omnichannel: own site ~ majority, marketplaces, 100+ stores",FY26,1489.0,189.00,12.7,,,PAT positive (incl. ~98 Cr deferred-tax credit),High,10000,1.05,1.15,1712000,143000,1631000,978000-2446000,143000,,"Total income ~1,534 Cr. Ex-DTA credit PAT would be ~90 Cr.",https://entrackr.com/fintrackr/wakefit-reports-rs-344-cr-revenue-q4-fy26-deferred-tax-gain-lifts-profit-11860519 ; https://indianstartupnews.com/news/wakefit-turns-profitable-in-fy26-as-revenue-rises-17-to-rs-1489-crore-11862110
6,A - Verified profitable,HealthKart,Bright Lifecare Pvt Ltd,Health & nutrition,"Sports nutrition & supplements - MuscleBlaze, HK Vitals, TrueBasics, Gritzo",Own app/web + marketplaces + ~200 stores,FY25,1313.0,120.00,9.1,79.0,6.0,PAT positive,High,2200,3.0,1.2,7162000,597000,2387000,1432000-3581000,597000,,EBITDA derived from ~6% margin reported by Entrackr.,https://entrackr.com/fintrackr/healthkarts-revenue-nears-rs-1400-cr-in-fy25-profit-triples-10652315
7,A - Verified profitable,Noise,Nexxbase Marketing Pvt Ltd,Consumer electronics,"Smartwatches, TWS earbuds, smart rings",Marketplace-led + own site + offline,FY25,1048.0,3.20,0.3,18.0,1.7,PAT positive (thin; aided by 47 Cr deferred-tax gain),High,1800,1.2,1.25,7278000,606000,6065000,3639000-9097000,606000,,Operating profitability is thin; PAT positive only due to tax credit.,https://entrackr.com/fintrackr/bose-funded-noise-revenue-declines-24-to-rs-1048-cr-in-fy25-11092127
8,A - Verified profitable,Rare Rabbit,Radhamani Textiles Pvt Ltd,Fashion & apparel,"Premium menswear & womenswear (Rare Rabbit, Rareism), accessories",Omnichannel: ~150 stores + own site,FY25,818.7,16.00,2.0,,,PAT positive (down from ~70 Cr in FY24 on higher ad spend),High,3500,1.8,1.12,2620000,218000,1455000,873000-2183000,218000,,,https://apparelresources.com/business-news/retail/rare-rabbit-revenue-jumps-69-per-cent-us-75-76-million/ ; https://behindthefeature.substack.com/p/rare-rabbit-made-75-crore-in-profit
9,A - Verified profitable,GoBoult (Boult Audio),Boult (entity per filings),Consumer electronics,"TWS earbuds, headphones, smartwatches, car accessories",Marketplace-led (Flipkart/Amazon); bootstrapped,FY25,763.0,24.00,3.1,50.0,6.6,PAT positive,High,1200,1.2,1.2,7630000,636000,6358000,3815000-9538000,636000,,Unfunded/bootstrapped. EBITDA from ~6.6% margin.,https://entrackr.com/fintrackr/goboult-posts-rs-763-cr-revenue-profit-shoots-up-10x-11124681
10,A - Verified profitable,Minimalist,Uprising Science Pvt Ltd (90.5% HUL),Beauty & personal care,"Active-ingredient skincare - serums, sunscreens, moisturisers, haircare",Own site + marketplaces + quick-commerce + offline,FY26,690.2,25.90,3.8,40.2,5.8,PAT positive (FY25 loss of 31.5 Cr was one-off),High,700,2.4,1.25,12325000,1027000,5135000,3081000-7703000,1027000,,Acquired by HUL in 2025.,https://indianstartupnews.com/news/hul-owned-minimalists-revenue-rises-36-to-rs-690-crore-in-fy26-profit-after-tax-at-rs-26-crore-12278778
11,A - Verified profitable,Skillmatics,Grasper Global Pvt Ltd (per filings),Toys & games,"Educational board games, card games, activity kits for kids","Amazon-led + 3,000+ intl retail doors; 25+ countries (US-heavy)",FY26,659.0,17.57,2.7,11.5,1.7,PAT positive,Medium,1600,1.3,1.03,4242000,354000,3263000,1958000-4895000,354000,"Sold in 25+ countries, 3,000+ intl retail stores",Mostly export revenue; customers are largely outside India.,https://entrackr.com/fintrackr/skillmatics-posts-rs-659-cr-revenue-in-fy26-profit-rises-marginally-12558327
12,A - Verified profitable,Ultrahuman,Ultrahuman Healthcare Pvt Ltd,Health tech wearables,"Ultrahuman Ring AIR, M1 CGM, Home environment device, subscriptions",Own site + global retail (Best Buy etc.); mostly international,FY25,565.0,73.00,12.9,49.5,8.8,PAT positive,High,30000,1.1,1.0,188000,16000,171000,103000-257000,16000,Subscription income Rs 29 Cr,Hardware + subscription (~29 Cr). Majority of customers overseas.,https://entrackr.com/fintrackr/ultrahuman-reports-rs-565-cr-revenue-and-rs-73-cr-profit-in-fy25-10485974
13,A - Verified profitable,Plum,Pureplay Skin Sciences (India) Pvt Ltd,Beauty & personal care,"Vegan skincare, bodycare (Plum BodyLovin'), haircare, makeup",Own site + marketplaces + ~500+ offline doors/EBOs,FY26,515.0,49.00,9.5,41.8,8.1,PAT positive (turned profitable FY25: 25 Cr),High,650,2.3,1.25,9904000,825000,4306000,2584000-6459000,825000,,EBITDA derived from ~8.1% margin.,https://entrackr.com/fintrackr/d2c-brand-plums-revenue-crosses-rs-500-cr-in-fy26-profit-doubles-12486368
14,A - Verified profitable,The Souled Store,The Souled Store Pvt Ltd,Fashion & apparel,"Pop-culture/licensed apparel - tees, hoodies, joggers, sneakers, accessories",Own app/web majority + ~40+ stores,FY25,492.4,11.00,2.2,47.8,9.7,PAT positive (profit fell 38% as FY24 had a tax credit),High,1300,1.8,1.12,4242000,354000,2357000,1414000-3535000,354000,,Company guides ~700 Cr for FY26 (unfiled).,https://entrackr.com/fintrackr/the-souled-store-nears-rs-500-cr-revenue-in-fy25-profits-decline-38-10954507 ; https://inc42.com/startups/the-souled-store-the-making-of-a-%E2%82%B9700-cr-d2c-lifestyle-brand-on-fandom-fashion/
15,A - Verified profitable,BellaVita,IDAM Natural Wellness Pvt Ltd,Beauty & personal care,"Perfumes, fragrance gift sets, bath & body",Own site + marketplaces + quick-commerce + offline,FY25,456.0,25.00,5.5,21.0,4.6,PAT positive,High,800,1.8,1.2,6840000,570000,3800000,2280000-5700000,570000,,EBITDA from ~4.6% margin.,https://entrackr.com/fintrackr/bellavitas-revenue-jumps-25x-to-rs-456-cr-in-fy25-turns-profitable-10975141
16,A - Verified profitable,Wonderchef,Wonderchef Home Appliances Pvt Ltd,Kitchen appliances & cookware,"Cookware, mixer grinders, air fryers, kitchen appliances","Omnichannel: marketplaces, own site, modern trade, TV/direct selling",FY25,421.0,4.40,1.0,8.5,2.0,PAT positive (thin),High,2500,1.3,1.3,2189000,182000,1684000,1010000-2526000,182000,,Inc42 variant: 430 Cr / 6 Cr.,https://entrackr.com/fintrackr/wonderchef-posts-421-cr-revenue-and-rs-4-cr-profit-in-fy25-10867025
17,A - Verified profitable,Vahdam India,Vahdam Teas Pvt Ltd,Food & beverage,"Premium Indian teas, chai, tea gift sets, spices",Own site + Amazon; ~96% exports (US/EU),FY26,349.6,32.20,9.2,17.5,5.0,PAT positive (first profitable year FY25: 5.2 Cr),High,2000,2.5,1.03,1800000,150000,720000,432000-1080000,150000,,Customers overwhelmingly outside India.,https://entrackr.com/fintrackr/vahdam-india-reports-rs-350-cr-revenue-in-fy26-profit-jumps-6x-12443415
18,A - Verified profitable,Beardo,Zed Lifestyle Pvt Ltd (Marico),Men's grooming,"Beard oils & growth, perfumes, face wash, hair styling",Marketplaces + own site + offline via Marico,FY26,299.0,22.12,7.4,31.6,10.6,PAT positive,Medium,550,2.0,1.3,7067000,589000,3534000,2120000-5300000,589000,,Marico subsidiary. FY25: 214 Cr / 13 Cr.,https://entrackr.com/fintrackr/beardo-nears-rs-300-cr-revenue-in-fy26-profit-jumps-70-12231894 | https://entrackr.com/fintrackr/beardo-revenue-tops-rs-200-cr-in-fy25-profit-jumps-36x-10585684
19,A - Verified profitable,"Innovist (Bare Anatomy, Chemist at Play)",Innovist Pvt Ltd,Beauty & personal care,"Haircare (Bare Anatomy), body care (Chemist at Play), sunscreen (Sunscoop)",Marketplaces + own sites + quick-commerce,FY25,299.0,12.00,4.0,1.0,0.3,PAT positive (turned profitable FY25),High,600,2.2,1.2,5980000,498000,2718000,1631000-4077000,498000,,,https://entrackr.com/fintrackr/bare-anatomy-parent-innovist-crosses-rs-300-cr-revenue-in-fy25-turns-profitable-10917108
20,A - Verified profitable,Mivi,Seminole Electronics Pvt Ltd,Consumer electronics,"Made-in-India TWS earbuds, soundbars, speakers",Marketplace-led + own site,FY25,287.0,1.20,0.4,15.6,5.4,PAT positive (thin),Medium,1300,1.2,1.2,2649000,221000,2208000,1325000-3312000,221000,,EBITDA is an Inc42 estimate.,https://inc42.com/company/mivi/financials/
21,A - Verified profitable,The Bear House,The Bear House (entity per filings),Fashion & apparel,"Premium men's shirts, polos, trousers, knitwear",Own site + marketplaces + stores,FY26,270.0,16.00,5.9,,,PAT positive (FY26 company-stated; FY25 audited 130 Cr / 3.7 Cr),Medium,2200,1.6,1.12,1375000,115000,859000,515000-1289000,115000,Repeat/retention >60% | 62% of customers from tier II+ markets; early repeat rate 65%,Repeat rate >60%; 62% customers from tier II+.,https://inc42.com/startups/can-the-bear-house-prowl-its-way-to-%E2%82%B9500-cr-in-revenue/ | https://inc42.com/startups/can-the-bear-house-prowl-its-way-to-%e2%82%b9500-cr-in-revenue/ ; https://inc42.com/startups/the-bear-house-how-this-d2c-brand-stitched-together-an-inr-140-cr-profitable-menswear-business/
22,A - Verified profitable,Urbano,Bizotic Commercial Ltd (NSE SME),Fashion & apparel,"Men's jeans, casual wear, activewear",Marketplace-led (Myntra/Flipkart/Amazon),FY26,251.0,18.00,7.2,26.0,10.4,PAT positive,High,1000,1.8,1.15,2886000,241000,1604000,962000-2405000,241000,,Listed SME; exchange-filed numbers.,https://www.screener.in/company/543926/
23,A - Verified profitable,Sat Kartar,Sat Kartar Shopping Ltd (NSE SME),Ayurveda & wellness,"Ayurvedic products for diabetes, joints, digestion, weight management",Tele-sales + own site + marketplaces,FY26,194.0,17.00,8.8,25.0,12.9,PAT positive,High,2200,2.5,1.15,1014000,85000,406000,243000-608000,85000,,Listed SME; exchange-filed numbers.,https://www.screener.in/company/SATKARTAR/
24,A - Verified profitable,Nasher Miles,Nasher Miles (entity per filings),Luggage & bags,"Hard-shell luggage, backpacks, travel accessories",Marketplace-led + own site + stores,FY25,145.5,0.09,0.1,2.7,1.9,PAT positive (breakeven),Medium,4000,1.1,1.15,418000,35000,380000,228000-570000,35000,,,https://inc42.com/company/nasher-miles/financials/
25,A - Verified profitable,Kay Beauty,Kay Beauty (Nykaa JV; entity not confirmed),Beauty & personal care,Celebrity-led colour cosmetics & skincare (Katrina Kaif),Mostly Nykaa online + Nykaa stores,FY25,132.4,11.00,8.3,,,PAT positive,Medium,1200,2.0,1.2,1324000,110000,662000,397000-993000,110000,,,https://startuppedia.in/trending/startup-news/katrina-kaifs-cosmetics-brand-kay-beauty-jumps-50-to-rs-132-crore-revenue-in-fy25-net-profit-at-rs-11-crore-11163472
26,A - Verified profitable,Deconstruct,Deconstruct (entity not confirmed),Beauty & personal care,"Science-led sunscreens, serums, moisturisers",Marketplaces + own site + quick-commerce,FY25,127.1,10.00,7.9,10.3,8.1,PAT positive,Medium,650,2.2,1.2,2346000,196000,1067000,640000-1600000,196000,,Inc42 figures - revenue may include other income; EBITDA is an Inc42 estimate.,https://inc42.com/company/deconstruct/financials/
27,A - Verified profitable,Bonkers Corner,Bonkers Corner (entity per filings),Fashion & apparel,"Streetwear - oversized tees, joggers, co-ords","~55% own site, ~40% stores, ~5% marketplaces",FY25,122.8,4.30,3.5,,,PAT positive,High,1200,1.8,1.12,1146000,96000,637000,382000-955000,96000,,"FY26 guidance: 180-195 Cr revenue, 15-16 Cr PAT.",https://inc42.com/startups/how-bonkers-corner-bootstrapped-its-way-to-a-%E2%82%B9195-cr-streetwear-brand/ ; https://inc42.com/startups/how-bonkers-corner-grew-to-%E2%82%B9125-77-cr-by-building-drop-led-demand/ | https://inc42.com/buzz/exclusive-streetwear-brand-bonkers-corner-to-raise-12-15-mn-to-deepen-offline-push/ ; https://inc42.com/startups/how-bonkers-corner-bootstrapped-its-way-to-a-%e2%82%b9195-cr-streetwear-brand/
28,A - Verified profitable,Jaipur Kurti,Nandani Creation Ltd (listed),Fashion & apparel,"Kurtas, kurta sets, ethnic wear for women",Marketplace-led + own site,FY26,111.0,2.00,1.8,8.0,7.2,PAT positive,Medium,1100,1.6,1.15,1160000,97000,725000,435000-1088000,97000,,Screener figures are rounded.,https://www.screener.in/company/JAIPURKURT/
29,A - Verified profitable,Knya,Knya (entity per filings),Fashion & apparel,"Medical scrubs, lab coats, healthcare apparel",Own site + marketplaces + hospital B2B,FY26,110.0,10.00,9.1,20.0,18.2,PAT positive,Medium,1800,1.6,1.15,703000,59000,439000,264000-659000,59000,"15 lakh+ medical professionals served; 1,000+ hospitals",Disclosed: 15 lakh+ medical professionals served (cumulative).,https://inc42.com/features/fy26-financial-tracker-tracking-the-financial-performance-of-indian-startups/ | https://inc42.com/buzz/knya-fy26-revenue-crosses-%e2%82%b9100-cr-mark-pat-jumps-3x-yoy/
30,A - Verified profitable,Beyoung,Beyoung Folks Pvt Ltd (per filings),Fashion & apparel,"Value men's & women's casual wear, tees, shirts, jeans",Own app/web + marketplaces,FY25,109.3,1.20,1.1,4.4,4.0,PAT positive (thin),Medium,900,1.8,1.15,1397000,116000,776000,466000-1164000,116000,,"Bootstrapped, Udaipur-based.",https://inc42.com/company/beyoung/financials/
31,A - Verified profitable,Urban Ladder,Urban Ladder Home Decor Solutions (Reliance Retail),Furniture & home,"Furniture, décor, furnishings",Own site + stores,FY25,106.0,4.90,4.6,14.3,13.5,PAT positive,Medium,25000,1.05,1.15,49000,4100,46000,28000-70000,4100,,Reliance subsidiary; revenue down ~30% YoY.,https://x.com/twstofler/status/1996582686476140797 ; https://www.ril.com/sites/default/files/2025-07/Urban_Ladder_Home_D%C3%A9cor_Solutions_Limited.pdf
32,A - Verified profitable,Phool,Kanpur Flowercycling Pvt Ltd,Home & fragrance,"Incense from temple flowers, home fragrance, dhoop, flower-based biomaterials",Own site + marketplaces + quick-commerce,FY25,76.5,2.50,3.3,,,PAT positive (turned profitable FY25),High,700,2.5,1.2,1311000,109000,525000,315000-787000,109000,,,https://indianretailer.com/news/phoolco-turns-profitable-fy25-strong-revenue-growth ; https://inc42.com/company/phool/financials/ | https://pulse.d2cinsider.com/phool-co-turns-profitable-in-fy25-as-revenue-surges-54-strengthening-indias-sustainable-d2c-home-care-ecosystem/
33,A - Verified profitable,Cosmix,Cosmix Wellness (60% Marico),Health & nutrition,"Plant-based protein, wellness blends for women (PCOS, sleep, skin)",Own site + marketplaces,FY25,50.9,8.21,16.1,11.4,22.4,PAT positive (22% EBITDA margin),Medium,1500,2.5,1.15,390000,33000,156000,94000-234000,33000,,Marico acquired 60% in 2025.,https://entrackr.com/fintrackr/cosmix-by-the-numbers-what-marico-gets-in-its-latest-d2c-acquisition-11078159
34,A - Verified profitable,Menhood,Macobs Technologies Ltd (NSE SME),Men's grooming,"Men's intimate grooming trimmers, grooming kits",Marketplace-led + own site,FY26,41.4,3.10,7.5,3.4,8.2,PAT positive,High,1200,1.5,1.15,397000,33000,264000,159000-397000,33000,,Listed SME.,https://pulse.d2cinsider.com/menhood-posts-75-revenue-growth-in-fy26-profit-crosses-e2-82-b93-crore-as-d2c-grooming-brand-scales-rapidly/ ; https://www.screener.in/company/MACOBSTECH/consolidated/
35,A - Verified profitable,Signoria Creation,Signoria Creation Ltd (NSE SME),Fashion & apparel,"Women's ethnic wear - kurtas, suit sets",Marketplace-led,FY26,40.5,4.19,10.4,7.9,19.6,PAT positive,High,1000,1.6,1.15,465000,39000,291000,174000-436000,39000,,Listed SME; marketplace-led rather than own-site D2C.,https://www.screener.in/company/SIGNORIA/
36,A - Verified profitable,Desi Farms,Desi Farms (entity per filings),Dairy & fresh,"A2/farm milk, curd, ghee, paneer - subscription delivery",App subscription (daily delivery),FY25,38.0,2.00,5.3,,,PAT positive,Medium,2000,12,1.05,200000,17000,17000,10000-25000,17000,,AOV treated as a monthly subscription bill.,https://pulse.d2cinsider.com/desi-farms-surges-%e2%82%b9300-cr-powering-rapid-growth-in-indias-d2c-dairy-ecosystem/
37,B - Profitable with caveat,CaratLane,CaratLane Trading Pvt Ltd (Titan subsidiary),Fine jewellery,"Diamond & gold jewellery, everyday fine jewellery",Omnichannel: web/app + ~300 stores,FY26,4702.0,,,,,Profitable at PBT level (FY25 PBT 296 Cr); FY26 PAT not separately found,Medium,30000,1.15,1.03,1614000,135000,1404000,842000-2106000,135000,,"Titan-owned; started digital-first, now store-heavy.",https://retailintel.in/signal/caratlane-moves-upmarket-targets-2-3x-revenue-by-fy30-ab4a9f16 ; https://www.titancompany.in/sites/default/files/2025-05/SEoutcome%20-%20Copy.pdf
38,B - Profitable with caveat,Milky Mist,Milky Mist Dairy Food Ltd,Dairy & fresh,"Paneer, curd, cheese, butter, yoghurt",Distributor-led general trade + modern trade; not digital-first,FY25,2349.0,46.00,2.0,307.7,13.1,PAT positive - weak D2C fit,Medium,150,24,1.45,227070000,18922000,9461000,5677000-14192000,9461000,,Included as a direct-brand consumer business; orders = retail consumer transactions. EBITDA from 13.1% margin.,https://entrackr.com/fintrackr/milky-mist-posts-rs-2349-cr-revenue-in-fy25-profit-jumps-over-24x-9523704
39,B - Profitable with caveat,Cellecor,Cellecor Gadgets Ltd (NSE SME),Consumer electronics,"Budget smartphones, feature phones, smart TVs, wearables, audio",Marketplaces + heavy offline distribution,FY26,1292.0,40.00,3.1,71.0,5.5,PAT positive - offline-leaning distribution,High,5000,1.1,1.35,3488000,291000,3171000,1903000-4757000,291000,,Listed SME.,https://www.screener.in/company/CELLECOR/
40,B - Profitable with caveat,Go Colors,Go Fashion (India) Ltd (listed),Fashion & apparel,"Women's bottom-wear - leggings, pants, jeggings",Store-led (~800 EBOs) + online,FY26,838.0,59.18,7.1,237.0,28.3,"PAT positive - store-led, not digital-first",High,1500,2.0,1.1,6145000,512000,3073000,1844000-4609000,512000,,Direct-to-consumer via own stores; EBITDA includes Ind-AS 116.,https://finance.yahoo.com/quote/GOCOLORS.NS/earnings/GOCOLORS.NS-Q4-2026-earnings_call-546217.html
41,B - Profitable with caveat,iD Fresh Food,iD Fresh Food (India) Pvt Ltd,Food & beverage,"Idli/dosa batter, parotas, ready-to-cook foods",Retail/general trade + quick-commerce + app,FY25,681.4,25.87,3.8,59.3,8.7,PAT positive - retail-led,Medium,120,20,1.45,82332000,6861000,4117000,2470000-6175000,4117000,,EBITDA from 8.7% margin.,https://entrackr.com/fintrackr/id-fresh-food-reports-rs-681-cr-revenue-in-fy25-profit-surges-over-5x-10599920
42,B - Profitable with caveat,Forest Essentials,Mountain Valley Springs India Pvt Ltd,Beauty & personal care,"Luxury Ayurvedic skincare, bath & body, fragrance",Store-led (100+ stores) + own site,FY25,580.0,130.00,22.4,,,"Profitable - figure may be EBITDA, not PAT; store-led",Low,3500,2.0,1.15,1906000,159000,953000,572000-1429000,159000,,Estée Lauder minority stake. The Ken figure.,https://the-ken.com/story/how-forest-essentials-chose-anti-growth-to-thrive-in-beauty/
43,B - Profitable with caveat,Livpure,Livpure Pvt Ltd,Appliances,"RO water purifiers, air coolers, mattresses (Livpure Sleep), subscription purifiers",Offline dealers + online; not digital-first,FY25,578.9,7.90,1.4,20.0,3.5,PAT positive - weak D2C fit,Medium,12000,1.05,1.35,651000,54000,620000,372000-930000,54000,,EBITDA Inc42 estimate.,https://inc42.com/company/livpure/financials/
44,B - Profitable with caveat,Lahori Zeera,Archian Foods Pvt Ltd,Food & beverage,"Jeera soda, nimbu soda, shikanji - ethnic carbonated drinks",Distributor-led general trade,FY25,540.0,25.00,4.6,54.0,10.0,"PAT positive - distribution-led, not digital-first",Medium,20,20,1.45,391500000,32625000,19575000,11745000-29362000,19575000,,Orders = retail consumer transactions of ~Rs 20 SKUs. EBITDA from ~10% margin.,https://entrackr.com/fintrackr/lahori-zeera-revenue-spikes-73-to-rs-540-cr-in-fy25-pat-remains-flat-11442372
45,B - Profitable with caveat,Epigamia,Drums Food International Pvt Ltd,Food & beverage,"Greek yoghurt, smoothies, mishti doi, protein snacks","Modern trade + quick-commerce + 20,000 outlets",FY25/26,500.0,,,,,Claimed profitable; revenue is a claimed ARR (>500 Cr); last filed FY23 = 172 Cr rev / -67 Cr,Low,60,12,1.45,120833000,10069000,10069000,6042000-15104000,10069000,"20,000 retail outlets, 200+ cities",Treat both revenue and profit as company claims.,https://pulse.d2cinsider.com/epigamia-accelerates-growth-with-capacity-expansion-and-profitable-scale/ | https://inc42.com/company/epigamia/financials/
46,B - Profitable with caveat,Snitch,Snitch Apparels Pvt Ltd,Fashion & apparel,"Fast-fashion menswear - shirts, tees, jeans, co-ords","~60% online (own app/web + marketplaces), ~40% via 115 stores",FY25,498.0,-1.70,-0.3,-5.0,-1.0,PAT positive FY24 (4.4 Cr); near-breakeven loss FY25,High,1500,1.8,1.12,3718000,310000,2066000,1239000-3099000,310000,,"FY26 founder-stated (unaudited): ~900 Cr revenue, 2-3% EBITDA.",https://entrackr.com/fintrackr/snitch-nears-rs-500-cr-revenue-in-fy25-stays-close-to-breakeven-11058503 ; https://inc42.com/buzz/d2c-brand-snitchs-fy26-revenue-surges-80-to-%E2%82%B9900-cr/ | https://inc42.com/buzz/snitchs-fy24-revenue-zooms-2-3x-to-inr-243-cr/
47,B - Profitable with caveat,Plix,Satiya Nutraceuticals Pvt Ltd (60% Marico),Health & nutrition,"Plant-based supplements, effervescents, skincare (Jagger/ACV)",Own site + marketplaces + quick-commerce,FY25,436.3,4.80,1.1,11.2,2.6,Disputed: Inc42 shows +4.8 Cr; another note shows -41.7 Cr,Low,900,2.5,1.2,5817000,485000,2327000,1396000-3490000,485000,,Check Marico's subsidiary financials to settle.,https://inc42.com/company/plix-life/financials/
48,B - Profitable with caveat,Traya,Traya Health (entity per filings),Health & wellness,"Hair-loss treatment kits (Ayurveda + dermatology + nutrition), diagnosis-led",Own app/web subscription,FY25,338.0,-22.50,-6.7,-20.6,-6.1,PAT positive FY24 (8.7 Cr); loss in FY25,High,2500,4.0,1.1,1487000,124000,372000,223000-558000,124000,8 lakh+ customers; 70% non-metro,Disclosed: 8 lakh+ customers (cumulative).,https://entrackr.com/fintrackr/traya-returns-to-losses-in-fy25-as-marketing-and-employee-costs-surge-10961037 | https://inc42.com/buzz/traya-turns-profitable-in-fy24-clocks-revenue-of-inr-236-cr/
49,B - Profitable with caveat,Swiss Military,Swiss Military Consumer Goods Ltd (listed),Luggage & lifestyle,"Luggage, bags, watches, home & kitchen, electronics",Marketplaces + offline,FY26,251.0,8.00,3.2,11.0,4.4,"PAT positive - licensed brand, weak D2C fit",High,2000,1.2,1.35,1694000,141000,1412000,847000-2118000,141000,,,https://www.screener.in/company/SWISSMLTRY/
50,B - Profitable with caveat,Zappfresh,DSM Fresh Foods Ltd (NSE SME),Food & beverage,"Fresh meat, seafood, ready-to-cook & marinated meats",App/web delivery + B2B (~68% of revenue),FY26,222.3,14.40,6.5,32.2,14.5,PAT positive - majority B2B revenue,High,600,6,1.15,1363000,114000,227000,136000-341000,114000,,Customer estimate uses only the ~32% B2C share of revenue.,https://inc42.com/company/zappfresh/financials/ | https://pulse.d2cinsider.com/zappfresh-fy26-profit-jumps-59-to-e2-82-b914-crore-as-d2c-meat-brand-scales-revenue-b2b-growth-and-omnichannel-expansion/ ; https://www.screener.in/company/544568/
51,B - Profitable with caveat,R for Rabbit,R for Rabbit Baby Products (entity per filings),Baby & kids,"Strollers, car seats, cribs, baby gear",Marketplaces + own site + offline,FY24,170.0,2.21,1.3,,,PAT positive FY24 only; later year near-breakeven/loss,Medium,6000,1.3,1.2,340000,28000,262000,157000-392000,28000,,,https://pulse.d2cinsider.com/r-for-rabbit-raises-27-mn-in-series-b-secondary-deals-eyes-aggressive-d2c-expansion/
52,B - Profitable with caveat,Raw Pressery,Rakyan Beverages Pvt Ltd,Food & beverage,"Cold-pressed juices, smoothies, coconut water",Modern trade + quick-commerce + online,FY25,154.2,8.30,5.4,23.8,15.4,PAT positive - single source (Inc42),Low,120,10,1.45,18632000,1553000,1863000,1118000-2795000,1553000,,Orders = retail consumer transactions.,https://inc42.com/company/raw-pressery/financials/
53,B - Profitable with caveat,Loom Solar,Loom Solar Pvt Ltd,Energy & electronics,"Solar panels, inverters, lithium batteries for homes",Own site + marketplaces + dealer network,FY24,151.5,9.00,5.9,14.1,9.3,PAT positive FY24 (latest found),Medium,25000,1.02,1.2,73000,6100,71000,43000-107000,6100,,,https://entrackr.com/fintrackr/loom-solar-surpasses-rs-150-cr-revenue-in-fy24-profits-triple-8845840
54,B - Profitable with caveat,Dr Trust,Nureca Ltd (listed),Health devices,"BP monitors, glucometers, oximeters, massagers, fitness devices",Marketplace-led + own site,FY26,147.0,2.00,1.4,0.0,0.0,PAT positive only via other income (EBITDA ~0),High,1800,1.2,1.15,939000,78000,783000,470000-1174000,78000,,Discovery source shows PAT ~0.3 Cr.,https://www.screener.in/company/NURECA/consolidated/ | https://www.screener.in/company/NURECA/
55,B - Profitable with caveat,Boldfit,Bling Brands Pvt Ltd,Fitness & nutrition,"Gym accessories, yoga mats, resistance bands, supplements",Amazon-led + own site,FY25*,139.7,16.81,12.0,,,PAT positive - fiscal year uncertain (may be FY24),Medium,700,1.8,1.15,2295000,191000,1275000,765000-1913000,191000,,,https://www.whalesbook.com/news/English/startupsvc/Boldfit-Seeks-dollar100-Million-Funding-at-indian-rupee4000-Crore-Valuation/6a7c0d436ffbe1e6461455cc
56,B - Profitable with caveat,Kiaasa,Kiaasa Retail Ltd (NSE SME),Fashion & apparel,"Women's ethnic wear - kurtas, suits, dupattas",Store-led + online,FY26,135.0,11.00,8.1,23.0,17.0,PAT positive - store-led,High,1800,1.6,1.12,840000,70000,525000,315000-788000,70000,,,https://www.screener.in/company/544711/
57,B - Profitable with caveat,Carbamide Forte,Novus Life Sciences Pvt Ltd,Health & nutrition,"Vitamins, multivitamins, biotin, omega-3 supplements",Amazon-led + own site,FY25,109.1,,,,,Profitable FY23; FY25 PAT paywalled,Low,900,3.0,1.15,1394000,116000,465000,279000-697000,116000,,,https://www.thecompanycheck.com/company/novus-life-sciences-private-limited/U24232MH2007PTC174821
58,B - Profitable with caveat,Nutrabay,Nutrabay Retail Pvt Ltd,Health & nutrition,"Sports nutrition (own label + multibrand), whey, creatine",Own app/web,FY24,99.0,1.22,1.2,2.3,2.3,PAT positive FY24 (latest found),Medium,2000,3.0,1.1,544000,45000,182000,109000-272000,45000,1.5M+ private-label customers; 15-20k new customers/month; claimed 3M monthly orders across channels,"Disclosed AOV ~Rs 2,000; 1.5M+ private-label customers; 15-20k new customers/month.",https://inc42.com/startups/how-nutrabay-became-an-inr-100-cr-profitable-brand-with-its-lean-frugal-playbook/
59,B - Profitable with caveat,Zoff Foods,Zoff Foods (entity per filings),Food & beverage,"Spices, masalas, dry fruits",Marketplace-led + own site,FY24,93.0,1.00,1.1,,,PAT positive FY24 (gross/claimed revenue),Low,450,3.0,1.15,2377000,198000,792000,475000-1188000,198000,,,https://inc42.com/features/d2c-brands-that-are-disrupting-indias-consumer-market/ ; https://entrackr.com/fintrackr/spice-brand-zoff-crosses-rs-100-cr-revenue-in-fy25-slips-into-losses-10939767
60,B - Profitable with caveat,Mars Cosmetics,Mars Cosmetics (entity per filings),Beauty & personal care,"Affordable makeup - lipsticks, kajal, eyeshadow palettes",Offline distribution + marketplaces,FY24,47.6,3.40,7.1,,,PAT positive FY24; low confidence (mgmt claims ~200 Cr revenue),Low,350,2.5,1.45,1972000,164000,789000,473000-1183000,164000,,,https://inc42.com/company/mars-cosmetics/financials/
61,B - Profitable with caveat,Palmonas,Palmonas (entity per filings),Fashion jewellery,"Demi-fine 18k gold-plated, waterproof jewellery",Own site + ~78 stores,FY25,39.0,4.30,11.0,,,PAT positive per one source; Inc42 shows 10.8 Cr revenue & small loss,Low,1800,1.5,1.1,238000,20000,159000,95000-238000,20000,78 stores (2026),Conflicting sources.,https://startuppedia.in/trending/startup-news/shraddha-kapoor-co-founded-demi-fine-jewellery-brand-palmonas-scales-to-rs-39-cr-revenue-in-fy25-reports-rs-43-cr-profit-11264933 | https://pulse.d2cinsider.com/palmonas-crosses-75-stores-and-targets-e2-82-b9750-crore-revenue-accelerates-omnichannel-growth-across-india/
62,B - Profitable with caveat,Blue Tea,Blue Tea (entity per filings),Food & beverage,"Butterfly-pea flower tea, herbal teas",Marketplaces + own site,FY25,37.0,,,,,Claimed profitable; PAT amount undisclosed,Low,500,2.5,1.15,851000,71000,340000,204000-511000,71000,"25 lakh+ consumers; ~5,200 units/day","Disclosed: 25 lakh+ consumers (cumulative), ~5,200 units/day.",https://entrackr.com/fintrackr/profitable-bootstrapped-d2c-brand-blue-tea-projects-rs-65-cr-sales-in-fy26-11167786
63,B - Profitable with caveat,Dogsee Chew,Dogsee Chew (entity per filings),Pet care,"Himalayan yak-cheese dog chews, pet treats",Marketplaces + own site + exports,FY25,35.6,-19.80,-55.6,-15.0,-42.1,Claims PAT-positive in FY26; FY25 filed loss,Low,600,4.0,1.15,682000,57000,171000,102000-256000,57000,,,https://inc42.com/company/dogsee-chew/financials/ | https://pulse.d2cinsider.com/dogsee-chew-eyes-e2-82-b9300-cr-fundraise-to-accelerate-global-expansion-and-build-indias-next-pet-wellness-powerhouse/
64,B - Profitable with caveat,Hammer,Hammer Lifestyle (entity per filings),Consumer electronics,"Earbuds, smartwatches, speakers",Marketplace-led + own site,FY23,24.4,0.60,2.5,1.0,4.1,PAT positive FY23 (stale),Low,1200,1.2,1.15,234000,19000,195000,117000-292000,19000,,,https://inc42.com/company/hammer/financials/
65,B - Profitable with caveat,Kyari,Kyari (entity per filings),Home & garden,"Indoor plants, planters, gardening kits",Own site + quick-commerce,FY26,20.0,,,,,Claimed profitable; PAT amount undisclosed,Low,800,2.0,1.15,287000,24000,144000,86000-216000,24000,10 lakh+ customers; ~25% revenue from repeat,Disclosed: 10 lakh+ customers; ~25% revenue from repeat.,https://pulse.d2cinsider.com/kyari-crosses-10-lakh-customers-achieves-profitability-targets-e2-82-b9100-crore-revenue-by-fy28/
66,B - Profitable with caveat,Jewelbox,Jewelbox (entity per filings),Fine jewellery,Lightweight 14k/18k gold & diamond jewellery,"~40% online, rest stores/B2B",FY24,14.3,1.60,11.2,,,PAT positive FY24; sub-20 Cr scale,Medium,15000,1.2,1.03,9800,800,8200,4900-12000,800,~40% of orders online,,https://pulse.d2cinsider.com/jewelbox-has-secured-3-2-million-approximately-27-crore-in-a-pre-series-a-funding-round-led-by-v3-ventures/
67,B - Profitable with caveat,Tjori,Tjori (entity per filings),Fashion & home,"Ethnic apparel, home décor, handcrafted accessories",Own site + marketplaces,FY25,6.1,0.03,0.4,0.6,9.8,PAT positive (breakeven; very small),Medium,1500,1.5,1.15,47000,3900,31000,19000-47000,3900,,,https://inc42.com/company/tjori/financials/
68,C - Profit-adjacent (proxy),Country Delight,SKI Business Services Pvt Ltd (per filings),Dairy & fresh,"Milk, dairy, fresh produce, staples - daily subscription",Own app subscription,FY24,1380.0,,,,,PAT not found; FY23 loss 249 Cr - reported EBITDA-positive trajectory,Low,250,60,1.05,57960000,4830000,966000,580000-1449000,966000,"5M+ orders/month; 6,000 delivery workers (Forbes 2022 via Wikipedia)",Disclosed (2022): 5M+ orders/month.,https://en.wikipedia.org/wiki/Country_Delight|https://www.thearcweb.com/article/fy24-country-delights-revenue-jumps-46-to-rs-1380-cr-wm80VNjkrdQ6eVfD
69,C - Profit-adjacent (proxy),"Mosaic Wellness (Man Matters, Be Bodywise, Little Joys)",Mosaic Wellness Pvt Ltd,Health & wellness,"Hair-loss & sexual wellness (Man Matters), women's health (Be Bodywise), kids nutrition (Little Joys)",Own apps/web + marketplaces,FY25,736.0,-12.00,-1.6,-7.5,-1.0,Near-breakeven FY25; reportedly turned profitable in FY26 (unaudited),Medium,900,2.5,1.15,9404000,784000,3762000,2257000-5643000,784000,,,https://entrackr.com/fintrackr/mosaic-wellness-revenue-doubles-to-rs-736-cr-in-fy25-nears-break-even-10787380
70,C - Profit-adjacent (proxy),Portronics,Portronics Digital Pvt Ltd (per filings),Consumer electronics,"Power banks, chargers, speakers, keyboards, mobile accessories",Marketplace-led + offline + own site; bootstrapped,FY25,713.6,,,,,"PAT paywalled; bootstrapped, historically profitable",Low,900,1.3,1.25,9911000,826000,7624000,4574000-11436000,826000,,,https://www.thecompanycheck.com/company/portronics-digital-private-limited/U74140DL2010PTC203767
71,C - Profit-adjacent (proxy),Paper Boat,Hector Beverages Pvt Ltd,Food & beverage,"Ethnic juices & drinks (aam panna, kokum), Paper Boat Swing",Distributor-led + modern trade + quick-commerce,FY25,668.3,-48.25,-7.2,,,"Disputed: Entrackr shows -48 Cr loss, BW Retail shows +46 Cr profit",Low,30,20,1.45,323002000,26917000,16150000,9690000-24225000,16150000,,,https://entrackr.com/fintrackr/paper-boat-posts-rs-668-cr-revenue-in-fy25-narrows-losses-by-24-10519587
72,C - Profit-adjacent (proxy),Bombay Shaving Company,Bombay Shaving Company Pvt Ltd,Men's & women's grooming,"Razors, shaving kits, beard care, Bombae women's grooming",Marketplaces + own site + offline,FY26,635.0,-9.00,-1.4,2.0,0.3,Adjusted EBITDA positive (2 Cr); PAT loss 9 Cr,High,500,2.5,1.3,16510000,1376000,6604000,3962000-9906000,1376000,,,https://entrackr.com/fintrackr/bombay-shaving-company-revenue-jumps-to-rs-635-cr-in-fy26-nears-break-even-12201254
73,C - Profit-adjacent (proxy),Libas,Zivore Apparel Pvt Ltd,Fashion & apparel,"Women's ethnic wear - kurtas, suit sets, co-ords","Own app/web ~40-45%, marketplaces, stores",FY25,609.1,-16.50,-2.7,,,Near-breakeven loss (-2.7% margin); earlier years profitable,Medium,1300,1.8,1.12,5248000,437000,2915000,1749000-4373000,437000,,Not the same company as listed Libas Consumer Products Ltd.,https://inc42.com/startups/libas-next-big-thing-after-hitting-the-%E2%82%B9600-cr-revenue-mark/
74,C - Profit-adjacent (proxy),Lifelong,Lifelong Online Retail Pvt Ltd,Home appliances & fitness,"Mixer grinders, kitchen appliances, treadmills, fitness equipment",Amazon-led + own site,FY25,540.5,,,,,"PAT paywalled; bootstrapped, historically profitable",Low,2500,1.15,1.15,2486000,207000,2162000,1297000-3243000,207000,,,https://www.thecompanycheck.com/company/lifelong-online-retail-private-limited/U52100DL2015PTC287393
75,C - Profit-adjacent (proxy),Dot & Key,Dot & Key Wellness (Nykaa subsidiary),Beauty & personal care,"Sunscreens, vitamin C, watermelon & ceramide skincare",Nykaa + marketplaces + quick-commerce + own site,FY25,529.0,,,74.0,14.0,14% EBITDA margin; PAT not disclosed (very likely positive),Medium,650,2.2,1.25,10173000,848000,4624000,2774000-6936000,848000,,,https://inc42.com/startups/how-dot-key-scaled-to-inr-529-cr-minted-profits-in-a-hyper-competitive-skincare-market/
76,C - Profit-adjacent (proxy),Swiss Beauty,Swiss Beauty Cosmetics Pvt Ltd,Beauty & personal care,"Affordable colour cosmetics - primers, foundations, lip colours",Offline-heavy + marketplaces,FY25,382.7,,,,,FY25 PAT paywalled; FY23 PAT 36.4 Cr on 196.5 Cr,Low,400,2.5,1.45,13873000,1156000,5549000,3329000-8324000,1156000,,,https://www.thecompanycheck.com/company/swiss-beauty-cosmetics-private-limited/U24290DL2021PTC380307
77,C - Profit-adjacent (proxy),Kushal's Fashion Jewellery,Kushal's Retail Pvt Ltd (per filings),Fashion jewellery,"Fashion & silver jewellery, accessories",Store-led (100+ stores) + own site,FY25,330.0,,,,,PAT paywalled; reported profitable historically,Low,1800,1.5,1.05,1925000,160000,1283000,770000-1925000,160000,100+ stores,,https://tracxn.com/d/legal-entities/india/kushals-retail-private-limited/__WPcT2tIO1OjXrYyKwxODyOg6PT8UaRJc8V2xPtTxv20
78,C - Profit-adjacent (proxy),Happilo,Happilo International Pvt Ltd,Food & beverage,"Dry fruits, nuts, trail mixes, seeds, chocolates",Marketplaces + modern trade + quick-commerce,FY25,280.0,-9.50,-3.4,3.0,1.1,EBITDA positive (3 Cr); PAT loss,Medium,600,3.0,1.35,6300000,525000,2100000,1260000-3150000,525000,,,https://entrackr.com/fintrackr/happilos-topline-contracts-15-to-rs-280-cr-in-fy25-cuts-losses-by-93-11132455
79,C - Profit-adjacent (proxy),OZiva,Zywie Ventures Pvt Ltd (HUL),Health & nutrition,"Plant-based protein, collagen builders, women's nutrition",Own site + marketplaces + offline,FY25,260.9,-4.50,-1.7,-3.4,-1.3,Near-breakeven loss (-1.7%),Medium,1200,2.5,1.2,2609000,217000,1044000,626000-1565000,217000,,,https://inc42.com/company/oziva/financials/
80,C - Profit-adjacent (proxy),Heads Up For Tails,Heads Up For Tails (Joopy),Pet care,"Pet food, treats, accessories, grooming & spa",~100 stores + own app/web,FY25,236.8,-3.30,-1.4,4.8,2.0,EBITDA positive; small PAT loss,Medium,1800,4.0,1.12,1473000,123000,368000,221000-553000,123000,,,https://inc42.com/company/heads-up-for-tails/financials/
81,C - Profit-adjacent (proxy),Ambrane,Ambrane India Pvt Ltd (per filings),Consumer electronics,"Power banks, chargers, cables, smartwatches",Marketplace-led + offline,FY24,230.0,,,,,Founder claim of profitability; filed PAT not found,Low,900,1.3,1.25,3194000,266000,2457000,1474000-3686000,266000,,Revenue approximate (founder).,https://www.businesstoday.in/technology/news/story/from-india-to-the-world-ambrane-eyes-rs-500-crore-revenue-target-by-fy25-26-rs-100-crore-from-global-markets-412390-2024-01-09
82,C - Profit-adjacent (proxy),Just Herbs,Just Herbs (Marico majority),Beauty & personal care,"Ayurvedic skincare, makeup, haircare",Own site + marketplaces + Marico distribution,FY25,200.0,,,,,Profit status unconfirmed; revenue may be run-rate,Low,800,2.2,1.2,3000000,250000,1364000,818000-2045000,250000,,,https://inc42.com/startups/how-just-herbs-grew-5x-to-hit-inr-100-cr-revenue-mark-in-3-years-post-marico-takeover/
83,C - Profit-adjacent (proxy),Fast&Up,Aeronutrix Sports Products Pvt Ltd,Health & nutrition,"Effervescent electrolytes, vitamins, sports nutrition",Offline + marketplaces + own site,FY24,188.0,,,,,PAT not found,Low,800,3.0,1.3,3055000,255000,1018000,611000-1528000,255000,,,https://inc42.com/fast42/fastup/
84,C - Profit-adjacent (proxy),Sukkhi,Sukkhi (entity per filings),Fashion jewellery,Fashion & bridal imitation jewellery,Marketplace-led,FY25,145.7,,,,,PAT paywalled; historically profitable,Low,700,1.5,1.15,2394000,199000,1596000,957000-2394000,199000,60 lakh+ consumers claimed,Claims 60 lakh+ consumers (cumulative).,https://inc42.com/company/sukkhi-jewellery/
85,C - Profit-adjacent (proxy),Kama Ayurveda,Kama Ayurveda Pvt Ltd (Puig majority),Beauty & personal care,"Luxury Ayurvedic skincare, hair oils, bath & body",Stores + own site + Nykaa,FY25,141.0,,,,,PAT not found; Puig-owned premium brand,Low,2500,2.0,1.15,649000,54000,324000,195000-486000,54000,,,https://ecdb.com/resources/sample-data/retailer/kamaayurveda
86,C - Profit-adjacent (proxy),FabAlley / Indya,Tsg (entity per filings),Fashion & apparel,Western (FabAlley) and ethnic (Indya) womenswear,Own site + marketplaces + stores,FY25,122.0,,,,,PAT not found,Low,1600,1.6,1.12,854000,71000,534000,320000-801000,71000,,,https://tracxn.com/d/legal-entities/india/high-street-essentials-private-limited/__HGBmcraEUJYMIlVeaLP5NA3VZtEmV7MYhKns_aSC_As ; https://entrackr.com/2024/03/faballey-and-indya-parent-posts-rs-185-cr-revenue-and-rs-45-cr-loss-in-fy23/
87,C - Profit-adjacent (proxy),House of Masaba,House of Masaba Lifestyle (Nykaa subsidiary),Fashion & beauty,"Designer apparel, Lovechild beauty, jewellery",Stores + own site + Nykaa,FY25,115.9,,,,,PAT not found,Low,3500,1.5,1.12,371000,31000,247000,148000-371000,31000,,,https://www.thecompanycheck.com/company/house-of-masaba-lifestyle-private-limited/U74110MH2014PTC257909
88,C - Profit-adjacent (proxy),Pure Home + Living,Pure Home + Living (entity per filings),Home décor,"Tableware, décor, soft furnishings, lighting",Stores + own site,FY25,108.0,,,,,PAT paywalled,Low,3000,1.3,1.12,403000,34000,310000,186000-465000,34000,,,https://www.tofler.in/pure-home-and-living-private-limited/company/U45201DL2006PTC147368
89,C - Profit-adjacent (proxy),Two Brothers Organic Farms,Two Brothers Organic Farms (entity per filings),Food & beverage,"A2 cow ghee, jaggery, stone-ground flours, organic staples",Own site (+exports) + marketplaces,FY25,98.6,,,,,PAT not found; bootstrapped,Low,1800,3.0,1.15,630000,52000,210000,126000-315000,52000,,,https://inc42.com/company/two-brothers-organic-farms/
90,C - Profit-adjacent (proxy),Nua,Nua (entity per filings),Feminine care,"Sanitary pads, period care subscription, wellness",Own site subscription + marketplaces,FY25,96.1,-7.00,-7.3,-6.8,-7.1,Near-breakeven loss,Medium,450,5.0,1.15,2456000,205000,491000,295000-737000,205000,,,https://inc42.com/company/nua/financials/
91,C - Profit-adjacent (proxy),Pee Safe,Redcliffe Hygiene Pvt Ltd,Hygiene & feminine care,"Toilet-seat sanitiser, menstrual care, intimate hygiene",Marketplaces + own site + offline,FY25,82.0,-4.00,-4.9,-3.4,-4.1,Near-breakeven loss,Medium,450,3.0,1.2,2187000,182000,729000,437000-1093000,182000,,,https://entrackr.com/fintrackr/pee-safe-reports-rs-82-cr-revenue-in-fy25-nears-breakeven-10973174
92,C - Profit-adjacent (proxy),Bacca Bucci,Bacca Bucci (entity per filings),Footwear,"Sneakers, boots, casual & sports footwear",Marketplace-led + own site,FY25,81.7,-3.90,-4.8,,,Near-breakeven loss,Medium,1500,1.4,1.15,626000,52000,447000,268000-671000,52000,,,https://startuppedia.in/trending/startup-news/childhood-friends-from-rajasthan-take-bacca-bucci-to-rs-817-crore-revenue-in-fy25-post-rs-39-crore-loss-11142714
93,C - Profit-adjacent (proxy),Suta,Suta (entity per filings),Fashion & apparel,"Handloom sarees, cotton & mulmul womenswear",Own site + stores,FY25,73.5,-0.30,-0.4,,,Breakeven (-0.3 Cr),Medium,3000,1.5,1.1,270000,22000,180000,108000-270000,22000,,,https://startuppedia.in/trending/startup-news/founded-with-rs-6-lakh-by-two-sisters-bootstrapped-fashion-brand-suta-reports-rs-735-crore-revenue-in-fy25-11176966
94,C - Profit-adjacent (proxy),Arata,Arata (entity per filings),Beauty & personal care,"Clean, plant-based hair & body care","Marketplaces 38%, own site 32%, quick-commerce 30%",FY25,61.1,,,,,PAT not found,Low,600,2.5,1.2,1222000,102000,489000,293000-733000,102000,"50,000+ D2C orders/month; 2 lakh B2B units/month","Disclosed: 50,000+ own-site orders/month.",https://inc42.com/startups/how-arata-grew-to-%E2%82%B961-cr-by-building-clean-beauty-as-a-habit/
95,C - Profit-adjacent (proxy),MyMuse,MyMuse (entity per filings),Sexual wellness,"Personal massagers, lubricants, intimacy products",Own site + marketplaces,FY25,54.0,-3.80,-7.0,-3.8,-7.0,Near-breakeven loss,Medium,2500,1.3,1.15,248000,21000,191000,115000-287000,21000,,,https://inc42.com/company/mymuse/financials/
96,C - Profit-adjacent (proxy),Re'equil,Re'equil (entity per filings),Beauty & personal care,"Dermatologist-style skincare - sunscreens, acne care",Own site + marketplaces,FY23,47.5,,,,,Bootstrapped; PAT not found (FY23 data only),Low,800,2.2,1.15,683000,57000,310000,186000-466000,57000,,,https://inc42.com/company/re-equil/
97,C - Profit-adjacent (proxy),Sleepy Owl,Sleepy Owl Coffee Pvt Ltd,Food & beverage,"Cold-brew packs, instant coffee, coffee pods",Own site + quick-commerce + modern trade,FY25,44.4,-2.10,-4.7,,,Near-breakeven loss,Medium,600,3.0,1.2,888000,74000,296000,178000-444000,74000,,,https://inc42.com/company/sleepy-owl/financials/|https://startuppedia.in/trending/startup-news/started-from-a-2-bhk-flat-and-with-rs-15-lakh-borrowed-money-3-friends-build-coffee-brand-sleepy-owl-revenue-doubles-to-rs-444-cr-in-fy25-11168720
98,C - Profit-adjacent (proxy),Conscious Chemist,Conscious Chemist (entity per filings),Beauty & personal care,"Skincare - acne care, serums, sunscreens",Marketplaces + own site,FY25,31.9,,,,,PAT not found,Low,600,2.2,1.15,611000,51000,278000,167000-417000,51000,,,https://inc42.com/company/conscious-chemist/
99,C - Profit-adjacent (proxy),Earth Rhythm,Earth Rhythm (entity per filings),Beauty & personal care,"Clean skincare, haircare, bath & body",Own site + marketplaces,FY25,26.7,,,,,PAT not found,Low,800,2.2,1.15,384000,32000,174000,105000-262000,32000,,,https://inc42.com/company/earth-rhythm/
100,C - Profit-adjacent (proxy),Juicy Chemistry,Juicy Chemistry (entity per filings),Beauty & personal care,"Certified-organic skincare, oils, haircare",Own site + marketplaces,FY25,20.6,,,,,PAT not found; bootstrapped,Low,1000,2.2,1.15,237000,20000,108000,65000-162000,20000,,,https://inc42.com/company/juicy-chemistry/
